{
  "PricingReferenceID": "AVKL697546",
  "Status": "Success",
  "ValidationErrors": [],
  "ValidationWarnings": [
    {}
  ],
  "ModelPrice": {
    "Summary": [
      {
        "PolicyReference": "Policy62",
        "NonCATExpectedLoss": 2075.1404423281347,
        "CATExpectedLoss": 0,
        "TotalExpectedLoss": 102075.14044232813,
        "ActualGNWP100Pct": 24279.99999999999,
        "ActualGNWPTalbotShare": 2427.999999999999,
        "TotalELTalbotShare": 10207.514044232814,
        "TargetGCR": 0.9072134,
        "FixedExpenses": 1500,
        "VariableExpenses": 2548.561605122506,
        "TechnicalGGWPTalbotShare": 95032.01480237988,
        "TechnicalAdequacy": 0.10522769637995269,
        "ExpectedGNLR": 4.204083214263928,
        "GNPlanLR": 0.6361241,
        "GNBMPremiumTalbotShare": 16046.419313830138,
        "GGBMPremiumTalbotShare": 66089.04165498412,
        "BenchmarkAdequacy": 0.15131101540562056,
        "TechnicalGGWP100Pct": 950320.1480237988,
        "ExposureBreakdown_CashInTransit": {
          "CITPremisesValuesExposed100Pct": 400138,
          "CITPremisesLimitsExposed100Pct": 8000138,
          "CITPremisesLimitsExposedTalbotShare": 800013.8,
          "CITPremisesExpectedLossTalbotShare": 123.89377342006478,
          "CITTransitValuesExposed100Pct": 600000,
          "CITTransitLimitsExposed100Pct": 10200000,
          "CITTransitLimitsExposedTalbotShare": 1020000,
          "CITTransitExpectedLossTalbotShare": 27.490650167957682,
          "ATMValuesExposed100Pct": 400248,
          "ATMLimitsExposed100Pct": 400248,
          "ATMLimitsExposedTalbotShare": 40024.8,
          "ATMExpectedLossTalbotShare": 116.71231680000001,
          "AdditionalCoveragesValuesExposed100Pct": 100000,
          "AdditionalCoveragesLimitsExposed100Pct": 100000,
          "AdditionalCoveragesLimitsExposedTalbotShare": 10000,
          "AdditionalCoveragesExpectedLossTalbotShare": 77.76000000000002
        },
        "TechnicalPremiumRate_CashInTransit": {
          "TechnicalPremiumRatePremisesCIT": 0.8507723682377772,
          "TechnicalPremiumRateTransitCIT": 0.1258947018909912
        },
        "ExposureBreakdown_Totals": {
          "TotalValuesExposed100Pct": 1500386,
          "TotalLimitsExposed100Pct": 18700386,
          "TotalLimitsExposedTalbotShare": 1870038.6,
          "TotalExpectedLossTalbotShare": 345.85674038802244
        },
        "LargeExpectedLossExclLoss": 652.432581104264,
        "AttritionalExpectedLossExclLoss": 385.1376400598033
      }
    ]
  },
  "IntermediateCalculations": [
    {
      "policy_reference": "Policy62",
      "CITPremises": [
        {
          "PremiseLocation": "MW",
          "PremiseLocationADAInd": "1",
          "PremiseLocationGroup": "Loc 33",
          "PremiseTypeofAsset": "Cash",
          "PremiseStockType": "Bullion",
          "PremiseExposure": 100033,
          "PremiseAttachment": 1000,
          "PremiseLimit": 2000033,
          "TotalExposure": 100033,
          "TotalExposureUSD": 100033,
          "EffectiveRate": 0.0033,
          "PremiseLocationExposure": 100033,
          "PremiseEntryPct": 0.009996701088640748,
          "PremiseExitPct": 1,
          "PremiseExposureCurve": 0.7528431028559254,
          "PremiseScaledLimit": 2000033,
          "PremiseStockAdjustment": 1,
          "PremiseTypeofClientAdj": 1,
          "PremiseCountryAdjustment": 1,
          "PremiseLossRate": 0.0033,
          "PremiseExpectedLoss": 248.5202085563564
        },
        {
          "PremiseLocation": "MV",
          "PremiseLocationADAInd": "1",
          "PremiseLocationGroup": "Loc 34",
          "PremiseTypeofAsset": "Coin",
          "PremiseStockType": "Other Valuables",
          "PremiseExposure": 100034,
          "PremiseAttachment": 1000,
          "PremiseLimit": 2000034,
          "TotalExposure": 100034,
          "TotalExposureUSD": 100034,
          "EffectiveRate": 0.0021,
          "PremiseLocationExposure": 100034,
          "PremiseEntryPct": 0.009996601155607094,
          "PremiseExitPct": 1,
          "PremiseExposureCurve": 0.7528444721759813,
          "PremiseScaledLimit": 2000034,
          "PremiseStockAdjustment": 1,
          "PremiseTypeofClientAdj": 1,
          "PremiseCountryAdjustment": 1,
          "PremiseLossRate": 0.0021,
          "PremiseExpectedLoss": 158.15109225226942
        },
        {
          "PremiseLocation": "ML",
          "PremiseLocationADAInd": "1",
          "PremiseLocationGroup": "Loc 35",
          "PremiseTypeofAsset": "Cash",
          "PremiseStockType": "Dore",
          "PremiseExposure": 100035,
          "PremiseAttachment": 1000,
          "PremiseLimit": 2000035,
          "TotalExposure": 100035,
          "TotalExposureUSD": 100035,
          "EffectiveRate": 0.0033,
          "PremiseLocationExposure": 100035,
          "PremiseEntryPct": 0.0099965012245714,
          "PremiseExitPct": 1,
          "PremiseExposureCurve": 0.7528458414787351,
          "PremiseScaledLimit": 2000035,
          "PremiseStockAdjustment": 0.9,
          "PremiseTypeofClientAdj": 1,
          "PremiseCountryAdjustment": 1,
          "PremiseLossRate": 0.00297,
          "PremiseExpectedLoss": 223.67347324440604
        },
        {
          "PremiseLocation": "MH",
          "PremiseLocationADAInd": "1",
          "PremiseLocationGroup": "Loc 36",
          "PremiseTypeofAsset": "Coin",
          "PremiseStockType": "Concentrate",
          "PremiseExposure": 100036,
          "PremiseAttachment": 1000,
          "PremiseLimit": 2000036,
          "TotalExposure": 100036,
          "TotalExposureUSD": 100036,
          "EffectiveRate": 0.0021,
          "PremiseLocationExposure": 100036,
          "PremiseEntryPct": 0.009996401295533608,
          "PremiseExitPct": 1,
          "PremiseExposureCurve": 0.7528472107641835,
          "PremiseScaledLimit": 2000036,
          "PremiseStockAdjustment": 0.85,
          "PremiseTypeofClientAdj": 1,
          "PremiseCountryAdjustment": 1,
          "PremiseLossRate": 0.001785,
          "PremiseExpectedLoss": 134.43160508317044
        }
      ],
      "CITTransit": {
        "CITTransitTotalExposure": 600000,
        "RoutineCommercialEntryPct": 0.016666666666666666,
        "RoutineCommercialExitPct": 1,
        "RoutineCommercialTransitAdj": 1,
        "RoutineCommercialTransitAssetAdj": 1,
        "RoutineCommercialExposureCurve": 0.6785068484388956,
        "RoutineCommercialBaseRate": 0.000374985,
        "RoutineCommercialLossRate": 0.000374985,
        "RoutineCommercialExpectedLoss": 25.44298905618593,
        "RoutineBankEntryPct": 0.016666666666666666,
        "RoutineBankExitPct": 1,
        "RoutineBankTransitAdj": 1,
        "RoutineBankTransitAssetAdj": 1,
        "RoutineBankExposureCurve": 0.6785068484388956,
        "RoutineBankBaseRate": 0.000374985,
        "RoutineBankLossRate": 0.000374985,
        "RoutineBankExpectedLoss": 25.44298905618593,
        "SecureBankEntryPct": 0.0016666666666666668,
        "SecureBankExitPct": 1,
        "SecureBankTransitAdj": 1,
        "SecureBankTransitAssetAdj": 1,
        "SecureBankExposureCurve": 0.9294144871847952,
        "SecureBankBaseRate": 0.000374985,
        "SecureBankLossRate": 0.000374985,
        "SecureBankExpectedLoss": 34.85164914769904,
        "AirEntryPct": 0.0016666666666666668,
        "AirExitPct": 1,
        "AirTransitAdj": 1,
        "AirTransitAssetAdj": 1,
        "AirExposureCurve": 0.9294144871847952,
        "AirBaseRate": 0.000374985,
        "AirLossRate": 0.000374985,
        "AirExpectedLoss": 34.85164914769904,
        "MarineEntryPct": 0.0016666666666666668,
        "MarineExitPct": 1,
        "MarineTransitAdj": 1,
        "MarineTransitAssetAdj": 1,